date,open,high,low,close,volume,dividend,split
2020-11-16,15.64,16.15,15.34,15.86,26574200,0.0,1.0
2020-11-17,15.39,17.93,15.3,16.34,60532936,0.0,1.0
2020-11-18,16.46,16.99,15.95,16.19,31517441,0.0,1.0
2020-11-19,16.0,18.2,15.99,18.11,35794059,0.0,1.0
2020-11-20,18.4,18.42,17.0,17.13,38015407,0.0,1.0
2020-11-23,17.2355,17.25,16.5,16.77,20717971,0.0,1.0
2020-11-24,16.735,17.0,16.29,16.9,22966745,0.0,1.0
2020-11-25,16.68,17.31,16.55,17.07,15353777,0.0,1.0
2020-11-27,17.1,17.37,16.9,17.05,11024657,0.0,1.0
2020-11-30,17.03,17.16,16.8,16.82,21166326,0.0,1.0
2020-12-01,16.88,17.15,16.74,17.01,15032761,0.0,1.0
2020-12-02,16.9342,17.27,16.84,17.125,22173216,0.0,1.0
2020-12-03,17.1358,17.47,16.94,17.37,16848384,0.0,1.0
2020-12-04,17.33,17.7,17.25,17.6,15946922,0.0,1.0
2020-12-07,17.61,18.0,17.52,17.57,10008659,0.0,1.0
2020-12-08,17.41,17.93,17.405,17.84,9303086,0.0,1.0
2020-12-09,17.85,17.975,17.5,17.52,12701883,0.0,1.0
2020-12-10,17.32,17.85,17.3,17.69,9422490,0.0,1.0
2020-12-11,17.5,17.75,17.08,17.34,15842674,0.0,1.0
2020-12-14,17.34,17.53,17.08,17.33,16694055,0.0,1.0
2020-12-15,17.4,17.87,17.2,17.73,13189112,0.0,1.0
2020-12-16,17.62,18.27,17.56,17.86,17203789,0.0,1.0
2020-12-17,17.75,17.89,17.55,17.72,14484983,0.0,1.0
2020-12-18,17.7,17.8,17.515,17.75,18226276,0.0,1.0
2020-12-21,17.4,17.55,17.25,17.39,14799820,0.0,1.0
2020-12-22,17.43,17.84,17.27,17.74,11415468,0.0,1.0
2020-12-23,17.7467,18.04,17.66,17.88,6303385,0.0,1.0
2020-12-24,17.8,17.92,17.67,17.77,1946680,0.0,1.0
2020-12-28,17.8561,17.88,17.62,17.74,4929334,0.0,1.0
2020-12-29,17.6607,17.8,17.52,17.75,4811911,0.0,1.0
2020-12-30,17.61,18.18,17.58,18.13,10332307,0.0,1.0
2020-12-31,18.22,18.86,18.03,18.74,14375983,0.0,1.0
2021-01-04,18.66,18.77,18.21,18.54,12215605,0.0,1.0
2021-01-05,18.49,18.605,17.81,18.1,12217787,0.0,1.0
2021-01-06,18.17,18.675,18.1,18.49,8625061,0.0,1.0
2021-01-07,18.52,18.69,18.36,18.52,7195092,0.0,1.0
2021-01-08,18.42,18.6,18.03,18.3,6893458,0.0,1.0
2021-01-11,18.2,18.66,18.12,18.47,6961189,0.0,1.0
2021-01-12,18.45,18.67,18.2,18.24,7677583,0.0,1.0
2021-01-13,18.27,18.71,18.2,18.4,9185867,0.0,1.0
2021-01-14,18.3373,18.355,16.75,17.31,44993158,0.0,1.0
2021-01-15,17.11,17.2,16.7318,17.05,19765045,0.0,1.0
2021-01-19,17.26,17.56,17.08,17.44,10847169,0.0,1.0
2021-01-20,17.45,17.71,17.31,17.69,9953076,0.0,1.0
2021-01-21,17.36,17.62,16.8,17.31,13895074,0.0,1.0
2021-01-22,17.244,17.52,17.1,17.43,5726564,0.0,1.0
2021-01-25,17.26,17.4,17.125,17.23,9460056,0.0,1.0
2021-01-26,17.2,17.36,17.08,17.09,5968669,0.0,1.0
2021-01-27,17.0,17.17,16.61,16.86,14517707,0.0,1.0
2021-01-28,16.9,17.445,16.84,17.19,9215227,0.0,1.0
2021-01-29,17.25,17.58,16.9,16.99,8256088,0.0,1.0
2021-02-01,17.15,17.58,17.03,17.445,8954928,0.0,1.0
2021-02-02,17.57,17.75,17.36,17.38,9185721,0.0,1.0
2021-02-03,17.3,18.38,17.3,18.09,15935468,0.0,1.0
2021-02-04,18.11,18.28,17.71,18.0,7266619,0.0,1.0
2021-02-05,18.02,18.075,17.64,17.895,7864581,0.0,1.0
2021-02-08,17.99,18.04,17.715,18.0,7331816,0.0,1.0
2021-02-09,17.85,18.55,17.84,18.47,6552614,0.0,1.0
2021-02-10,18.53,18.67,18.21,18.39,7284584,0.0,1.0
2021-02-11,18.22,18.44,18.07,18.24,5498144,0.0,1.0
2021-02-12,18.1,18.4,18.03,18.24,4469254,0.0,1.0
2021-02-16,18.35,18.39,18.09,18.335,5009322,0.0,1.0
2021-02-17,18.2804,18.545,18.17,18.52,4675977,0.0,1.0
2021-02-18,18.61,18.68,18.25,18.27,6811975,0.0,1.0
2021-02-19,18.22,18.48,18.16,18.21,10868936,0.0,1.0
2021-02-22,16.547,16.8,15.49,15.5,39258346,0.0,1.0
2021-02-23,15.74,15.77,14.93,15.22,21414370,0.0,1.0
2021-02-24,15.33,15.47,14.94,15.3,15465558,0.0,1.0
2021-02-25,15.29,15.38,14.855,15.05,16256947,0.0,1.0
2021-02-26,14.93,15.0,14.56,14.85,15691014,0.0,1.0
2021-03-01,15.049,15.3,14.615,14.72,11913861,0.0,1.0
2021-03-02,14.55,14.7,14.135,14.29,16236590,0.0,1.0
2021-03-03,14.17,14.24,13.5308,13.88,24164102,0.0,1.0
2021-03-04,13.6707,13.8,13.31,13.59,18720691,0.0,1.0
2021-03-05,13.69,13.99,13.36,13.91,13295277,0.0,1.0
2021-03-08,13.76,14.05,13.68,13.83,11899589,0.0,1.0
2021-03-09,13.93,14.215,13.71,13.91,10908802,0.0,1.0
2021-03-10,14.05,14.23,13.83,14.06,8696611,0.0,1.0
2021-03-11,14.13,14.22,13.92,14.1,8355305,0.0,1.0
2021-03-12,14.07,14.385,13.9882,14.36,7784448,0.0,1.0
2021-03-15,14.27,14.685,14.23,14.67,9915013,0.0,1.0
2021-03-16,14.67,14.73,14.4435,14.53,10558616,0.0,1.0
2021-03-17,14.43,15.1,14.42,15.08,10784529,0.0,1.0
2021-03-18,14.97,15.03,14.5,14.59,9877532,0.0,1.0
2021-03-19,14.66,14.88,14.5273,14.78,11373733,0.0,1.0
2021-03-22,14.91,14.935,14.6301,14.79,7738991,0.0,1.0
2021-03-23,14.75,14.75,14.115,14.17,8881196,0.0,1.0
2021-03-24,14.15,14.22,13.9413,14.01,9597144,0.0,1.0
2021-03-25,14.15,14.15,13.9232,14.02,10229296,0.0,1.0
2021-03-26,14.07,14.44,14.02,14.36,6336236,0.0,1.0
2021-03-29,14.2674,14.42,14.17,14.32,6174160,0.0,1.0
2021-03-30,14.2874,14.32,13.945,14.15,11407822,0.0,1.0
2021-03-31,14.095,14.28,13.89,13.97,13875776,0.0,1.0
2021-04-01,13.96,14.08,13.86,13.9,7053676,0.0,1.0
2021-04-05,13.92,14.16,13.86,14.05,7957570,0.0,1.0
2021-04-06,13.95,14.1,13.79,13.83,7906722,0.0,1.0
2021-04-07,13.87,13.88,13.36,13.39,17606411,0.0,1.0
2021-04-08,13.41,13.49,13.11,13.29,12121140,0.0,1.0
2021-04-09,13.3,13.405,13.21,13.395,9011368,0.0,1.0
2021-04-12,13.43,13.44,13.2,13.26,7928744,0.0,1.0
2021-04-13,13.24,13.295,12.94,12.97,11636094,0.0,1.0
2021-04-14,13.02,13.36,13.01,13.21,8852930,0.0,1.0
2021-04-15,13.22,13.43,13.1529,13.28,7554514,0.0,1.0
2021-04-16,13.39,13.47,13.13,13.4,7869084,0.0,1.0
2021-04-19,13.4,13.53,13.22,13.25,8939812,0.0,1.0
2021-04-20,13.16,13.21,12.97,13.11,8633780,0.0,1.0
2021-04-21,13.0451,13.31,12.99,13.3,7782000,0.0,1.0
2021-04-22,13.31,13.6,13.289,13.36,7805486,0.0,1.0
2021-04-23,13.38,13.455,13.215,13.36,4872251,0.0,1.0
2021-04-26,13.4,13.68,13.39,13.55,5775368,0.0,1.0
2021-04-27,13.52,13.59,13.19,13.28,17598887,0.0,1.0
2021-04-28,13.33,13.52,13.28,13.46,6341270,0.0,1.0
2021-04-29,13.55,13.66,13.23,13.36,7950879,0.0,1.0
2021-04-30,13.395,13.52,13.26,13.3,6980014,0.0,1.0
2021-05-03,13.26,13.55,13.19,13.5,6551907,0.0,1.0
2021-05-04,13.49,13.64,13.26,13.4,10607869,0.0,1.0
2021-05-05,13.4,13.7,13.3,13.64,12021958,0.0,1.0
2021-05-06,13.62,13.94,13.435,13.93,12011990,0.0,1.0
2021-05-07,13.8217,14.1,13.78,14.08,12729327,0.0,1.0
2021-05-10,14.98,15.475,14.8,15.04,30043815,0.0,1.0
2021-05-11,14.937,15.5,14.85,15.14,11072430,0.0,1.0
2021-05-12,15.2,15.855,15.17,15.72,20028273,0.0,1.0
2021-05-13,15.56,16.05,15.55,15.93,10777580,0.0,1.0
2021-05-14,16.03,16.1,15.75,16.0,9219637,0.0,1.0
2021-05-17,15.98,16.29,15.95,16.15,14821635,0.0,1.0
2021-05-18,16.1,16.15,15.8,16.05,8309318,0.0,1.0
2021-05-19,15.95,15.95,15.45,15.5,11168039,0.0,1.0
2021-05-20,15.54,15.71,15.37,15.59,11514201,0.0,1.0
2021-05-21,15.5,15.6544,15.29,15.31,10763915,0.11,1.0
2021-05-24,15.3744,15.535,15.29,15.36,9096732,0.0,1.0
2021-05-25,15.32,15.34,14.93,14.98,7633696,0.0,1.0
2021-05-26,15.0078,15.18,14.87,15.16,5402887,0.0,1.0
2021-05-27,15.1747,15.27,15.08,15.14,10649152,0.0,1.0
2021-05-28,15.2,15.33,15.11,15.24,4537889,0.0,1.0
2021-06-01,15.255,15.3763,15.155,15.26,5467991,0.0,1.0
2021-06-02,15.26,15.56,15.12,15.46,6202298,0.0,1.0
2021-06-03,15.44,15.535,15.365,15.41,5189854,0.0,1.0
2021-06-04,15.43,15.475,15.265,15.39,5124847,0.0,1.0
2021-06-07,15.39,15.46,15.27,15.39,5966929,0.0,1.0
2021-06-08,15.42,15.57,15.23,15.49,5362760,0.0,1.0
2021-06-09,15.48,15.555,15.4,15.45,4976944,0.0,1.0
2021-06-10,15.46,15.92,15.41,15.79,7259883,0.0,1.0
2021-06-11,15.76,15.79,15.63,15.73,4135734,0.0,1.0
2021-06-14,15.73,15.79,15.56,15.63,4292134,0.0,1.0
2021-06-15,15.61,15.68,15.12,15.3,6926739,0.0,1.0
2021-06-16,15.44,15.4805,15.11,15.22,5757991,0.0,1.0
2021-06-17,15.13,15.1849,14.6,14.67,12277867,0.0,1.0
2021-06-18,14.635,14.635,14.2,14.26,12943889,0.0,1.0
2021-06-21,14.2407,14.38,14.11,14.35,6775303,0.0,1.0
2021-06-22,14.4,14.4,14.11,14.22,6502487,0.0,1.0
2021-06-23,14.28,14.32,14.11,14.17,4820753,0.0,1.0
2021-06-24,14.25,14.42,14.13,14.36,5848396,0.0,1.0
2021-06-25,14.39,14.63,14.34,14.57,7602062,0.0,1.0
2021-06-28,14.56,14.6,14.3,14.38,4641726,0.0,1.0
2021-06-29,14.38,14.56,14.31,14.52,5006666,0.0,1.0
2021-06-30,14.52,14.54,14.27,14.29,6822004,0.0,1.0
2021-07-01,14.38,14.77,14.38,14.75,6228768,0.0,1.0
2021-07-02,14.81,14.82,14.4531,14.71,5730207,0.0,1.0
2021-07-06,14.71,14.75,14.17,14.19,7876931,0.0,1.0
2021-07-07,14.21,14.22,13.92,14.03,7370583,0.0,1.0
2021-07-08,13.92,14.0,13.75,13.78,6935269,0.0,1.0
2021-07-09,13.95,14.43,13.92,14.31,7715226,0.0,1.0
2021-07-12,14.19,14.27,14.05,14.18,4981195,0.0,1.0
2021-07-13,14.21,14.25,13.83,13.92,8955679,0.0,1.0
2021-07-14,13.93,14.16,13.89,14.07,5894398,0.0,1.0
2021-07-15,14.03,14.175,13.83,13.88,4839524,0.0,1.0
2021-07-16,13.87,13.91,13.74,13.76,4793928,0.0,1.0
2021-07-19,13.6,13.68,13.24,13.6,8495541,0.0,1.0
2021-07-20,13.6249,13.97,13.6,13.89,9471644,0.0,1.0
2021-07-21,13.9635,14.12,13.895,14.06,4750106,0.0,1.0
2021-07-22,13.96,13.98,13.77,13.85,4225563,0.0,1.0
2021-07-23,13.99,13.99,13.8025,13.92,3575798,0.0,1.0
2021-07-26,13.87,14.06,13.78,13.84,3965032,0.0,1.0
2021-07-27,13.81,13.945,13.695,13.91,5219313,0.0,1.0
2021-07-28,13.87,14.38,13.8346,14.23,6726949,0.0,1.0
2021-07-29,14.64,14.68,14.26,14.29,5336513,0.0,1.0
2021-07-30,14.33,14.43,13.98,14.07,6903081,0.0,1.0
2021-08-02,14.13,14.37,14.0823,14.23,5854669,0.0,1.0
2021-08-03,14.24,14.32,13.89,14.19,4935701,0.0,1.0
2021-08-04,14.01,14.18,13.675,13.76,10168548,0.0,1.0
2021-08-05,13.78,13.94,13.7321,13.93,8143319,0.0,1.0
2021-08-06,14.0578,14.26,13.9,14.25,9497965,0.0,1.0
2021-08-09,14.67,15.17,14.43,15.1,15511811,0.0,1.0
2021-08-10,15.0493,15.25,14.765,15.11,8887631,0.0,1.0
2021-08-11,15.16,15.16,14.75,14.82,7793352,0.0,1.0
2021-08-12,14.87,15.065,14.74,14.95,5585550,0.0,1.0
2021-08-13,14.97,15.05,14.85,14.95,3649306,0.0,1.0
2021-08-16,14.92,15.0,14.7637,14.91,3990238,0.0,1.0
2021-08-17,14.83,14.87,14.45,14.77,5207801,0.0,1.0
2021-08-18,14.73,15.06,14.71,14.79,7691535,0.0,1.0
2021-08-19,14.6466,14.86,14.62,14.73,6676482,0.0,1.0
2021-08-20,14.61,14.86,14.59,14.69,7276904,0.0,1.0
2021-08-23,14.63,14.89,14.555,14.76,7145155,0.11,1.0
2021-08-24,14.77,14.855,14.63,14.66,6507648,0.0,1.0
2021-08-25,14.58,14.58,14.395,14.52,5767486,0.0,1.0
2021-08-26,14.52,14.53,14.16,14.29,5223048,0.0,1.0
2021-08-27,14.32,14.47,14.29,14.37,5343947,0.0,1.0
2021-08-30,14.33,14.52,14.3,14.41,6625852,0.0,1.0
2021-08-31,14.35,14.64,14.32,14.63,10442635,0.0,1.0
2021-09-01,14.62,14.65,14.43,14.59,19478196,0.0,1.0
2021-09-02,14.55,15.14,14.55,15.13,6633448,0.0,1.0
2021-09-03,15.01,15.19,14.87,14.89,5536361,0.0,1.0
2021-09-07,14.86,14.91,14.545,14.66,5517652,0.0,1.0
2021-09-08,14.57,14.61,14.375,14.55,4410300,0.0,1.0
2021-09-09,14.515,14.52,14.205,14.29,7198038,0.0,1.0
2021-09-10,14.37,14.38,13.77,13.8,10822492,0.0,1.0
2021-09-13,13.85,14.06,13.78,13.92,9028215,0.0,1.0
2021-09-14,14.0,14.04,13.64,13.68,6480153,0.0,1.0
2021-09-15,13.62,13.78,13.6,13.73,5965226,0.0,1.0
2021-09-16,13.74,13.85,13.56,13.69,5252681,0.0,1.0
2021-09-17,13.55,13.705,13.51,13.57,22841214,0.0,1.0
2021-09-20,13.44,13.535,13.2,13.33,10547656,0.0,1.0
2021-09-21,13.41,13.55,13.22,13.28,6044737,0.0,1.0
2021-09-22,13.36,13.49,13.24,13.25,5823323,0.0,1.0
2021-09-23,13.3,13.5,13.215,13.34,6912852,0.0,1.0
2021-09-24,13.31,13.469,13.28,13.38,3741254,0.0,1.0
2021-09-27,13.47,13.88,13.43,13.82,8620574,0.0,1.0
2021-09-28,13.82,13.95,13.65,13.7,9768196,0.0,1.0
2021-09-29,13.68,13.95,13.61,13.86,4922154,0.0,1.0
2021-09-30,13.92,13.9901,13.48,13.55,9110337,0.0,1.0
2021-10-01,13.56,13.725,13.46,13.6,7078474,0.0,1.0
2021-10-04,13.7596,13.775,13.31,13.43,7955497,0.0,1.0
2021-10-05,13.345,13.665,13.32,13.5,8878609,0.0,1.0
2021-10-06,13.4,13.575,13.31,13.44,7980683,0.0,1.0
2021-10-07,13.55,13.81,13.54,13.63,4881954,0.0,1.0
2021-10-08,13.69,13.8264,13.6,13.63,4399560,0.0,1.0
2021-10-11,13.64,13.865,13.59,13.61,5129209,0.0,1.0
2021-10-12,13.62,13.69,13.36,13.46,5908404,0.0,1.0
2021-10-13,13.45,13.56,13.346,13.37,4642516,0.0,1.0
2021-10-14,13.45,13.66,13.45,13.48,5379515,0.0,1.0
2021-10-15,13.64,13.67,13.43,13.46,5633097,0.0,1.0
2021-10-18,13.4539,13.52,13.21,13.49,8644061,0.0,1.0
2021-10-19,13.55,13.63,13.44,13.57,4969623,0.0,1.0
2021-10-20,13.63,14.05,13.62,13.99,7193473,0.0,1.0
2021-10-21,13.9,14.05,13.81,14.01,4165570,0.0,1.0
2021-10-22,14.01,14.1,13.905,13.94,3719579,0.0,1.0
2021-10-25,13.93,13.94,13.68,13.8,10332585,0.0,1.0
2021-10-26,13.84,13.89,13.465,13.48,7995515,0.0,1.0
2021-10-27,13.47,13.48,13.085,13.1,13465337,0.0,1.0
2021-10-28,13.15,13.42,13.1,13.33,9916173,0.0,1.0
2021-10-29,13.33,13.39,13.23,13.35,9017618,0.0,1.0
2021-11-01,13.37,13.94,13.37,13.82,7384757,0.0,1.0
2021-11-02,13.8426,13.94,13.62,13.83,7490741,0.0,1.0
2021-11-03,13.8,13.96,13.72,13.9,6325816,0.0,1.0
2021-11-04,13.827,13.879,13.51,13.68,6797778,0.0,1.0
2021-11-05,13.75,13.99,13.48,13.73,13090834,0.0,1.0
2021-11-08,14.42,14.87,14.25,14.68,18855184,0.0,1.0
2021-11-09,14.72,14.74,14.41,14.57,11004978,0.0,1.0
2021-11-10,14.46,14.75,14.38,14.54,10138966,0.0,1.0
2021-11-11,14.54,14.65,14.415,14.46,6687463,0.0,1.0
2021-11-12,14.45,14.51,14.07,14.11,9504506,0.0,1.0
2021-11-15,14.16,14.17,13.87,13.9,12551509,0.0,1.0
2021-11-16,13.97,13.99,13.73,13.88,11341075,0.0,1.0
2021-11-17,13.89,13.965,13.64,13.65,11916795,0.0,1.0
2021-11-18,13.62,13.66,13.29,13.39,9803272,0.0,1.0
2021-11-19,13.33,13.37,13.08,13.08,10766111,0.0,1.0
2021-11-22,13.03,13.28,12.9,13.12,17542096,0.11,1.0
2021-11-23,13.19,13.29,13.09,13.16,7892193,0.0,1.0
2021-11-24,13.095,13.135,12.95,13.05,11324131,0.0,1.0
2021-11-26,12.85,12.89,12.57,12.75,11436003,0.0,1.0
2021-11-29,12.87,12.9,12.47,12.52,14656457,0.0,1.0
2021-11-30,12.47,12.59,12.23,12.31,20023625,0.0,1.0
2021-12-01,12.42,12.53,12.07,12.09,10387626,0.0,1.0
2021-12-02,12.12,12.36,11.96,12.2,11966963,0.0,1.0
2021-12-03,12.23,12.29,12.08,12.2,8354357,0.0,1.0
2021-12-06,12.3,12.61,12.259,12.44,12643265,0.0,1.0
2021-12-07,12.4,12.52,12.36,12.4,8304688,0.0,1.0
2021-12-08,12.4681,12.52,12.38,12.43,7675307,0.0,1.0
2021-12-09,12.41,12.77,12.4,12.59,12819531,0.0,1.0
2021-12-10,12.62,12.92,12.57,12.7,8719934,0.0,1.0
2021-12-13,12.6,12.73,12.4,12.55,9787249,0.0,1.0
2021-12-14,12.55,13.15,12.55,12.81,10534546,0.0,1.0
2021-12-15,12.765,12.82,12.585,12.69,8134993,0.0,1.0
2021-12-16,12.8683,13.195,12.82,13.02,9422017,0.0,1.0
2021-12-17,13.11,13.18,12.835,13.03,18101741,0.0,1.0
2021-12-20,12.87,12.91,12.54,12.76,9329841,0.0,1.0
2021-12-21,12.965,13.2,12.88,13.09,14220566,0.0,1.0
2021-12-22,13.04,13.325,13.005,13.25,9021301,0.0,1.0
2021-12-23,13.31,13.71,13.26,13.63,10509160,0.0,1.0
2021-12-27,13.62,13.795,13.56,13.67,11436631,0.0,1.0
2021-12-28,13.6,13.71,13.55,13.64,8874565,0.0,1.0
2021-12-29,13.5617,13.66,13.5,13.56,9130830,0.0,1.0
2021-12-30,13.51,13.75,13.51,13.55,8741792,0.0,1.0
2021-12-31,13.6,13.71,13.52,13.53,5362326,0.0,1.0
2022-01-03,13.6,14.3,13.52,14.21,11968967,0.0,1.0
2022-01-04,14.28,14.455,14.225,14.37,12555359,0.0,1.0
2022-01-05,14.46,14.73,14.41,14.44,11165456,0.0,1.0
2022-01-06,14.5577,14.62,14.29,14.5,10487508,0.0,1.0
2022-01-07,14.54,14.75,14.5,14.74,9544622,0.0,1.0
2022-01-10,14.77,15.01,14.58,15.01,13554165,0.0,1.0
2022-01-11,14.99,15.34,14.915,15.32,10024699,0.0,1.0
2022-01-12,15.31,15.32,15.13,15.17,7871289,0.0,1.0
2022-01-13,15.2,15.2,14.995,15.02,7536190,0.0,1.0
2022-01-14,14.902,15.255,14.86,15.22,5773965,0.0,1.0
2022-01-18,15.16,15.3,15.02,15.06,7633767,0.0,1.0
2022-01-19,15.05,15.13,14.7,14.72,7254704,0.0,1.0
2022-01-20,14.645,14.88,14.57,14.64,8441738,0.0,1.0
2022-01-21,14.55,14.77,14.505,14.53,11208650,0.0,1.0
2022-01-24,14.44,14.48,13.96,14.36,10778032,0.0,1.0
2022-01-25,14.32,14.81,14.175,14.68,10865359,0.0,1.0
2022-01-26,14.6591,14.86,14.5,14.62,7295048,0.0,1.0
2022-01-27,14.7,14.88,14.52,14.59,7421986,0.0,1.0
2022-01-28,14.55,14.63,14.32,14.63,7927009,0.0,1.0
2022-01-31,14.5,15.07,14.48,14.97,15357036,0.0,1.0
2022-02-01,14.97,15.14,14.83,15.07,9073334,0.0,1.0
2022-02-02,14.99,15.33,14.73,15.3,10391526,0.0,1.0
2022-02-03,15.2,15.305,15.06,15.13,7714257,0.0,1.0
2022-02-04,15.05,15.24,14.94,15.13,7474167,0.0,1.0
2022-02-07,15.256,15.4,15.15,15.26,6349589,0.0,1.0
2022-02-08,15.25,15.3167,15.0,15.22,7285351,0.0,1.0
2022-02-09,15.27,15.6,15.265,15.4,6509220,0.0,1.0
2022-02-10,15.34,15.58,15.32,15.37,8700675,0.0,1.0
2022-02-11,15.22,15.455,15.12,15.17,10322160,0.0,1.0
2022-02-14,15.2,15.235,14.881,15.03,6512297,0.0,1.0
2022-02-15,15.03,15.34,14.97,15.32,7562480,0.0,1.0
2022-02-16,15.31,15.51,15.215,15.25,7994109,0.0,1.0
2022-02-17,15.19,15.2,14.79,14.83,7788028,0.0,1.0
2022-02-18,14.732,14.9,14.6,14.71,9801132,0.0,1.0
2022-02-22,14.56,14.735,14.465,14.55,8355906,0.0,1.0
2022-02-23,14.55,14.6,14.28,14.32,10564057,0.12,1.0
2022-02-24,13.855,13.98,13.6704,13.93,14796170,0.0,1.0
2022-02-25,14.03,14.64,14.005,14.54,15832378,0.0,1.0
2022-02-28,13.715,13.74,10.88,11.01,62957122,0.0,1.0
2022-03-01,11.16,11.18,9.68,10.15,62880439,0.0,1.0
2022-03-02,10.14,10.54,10.12,10.48,23815665,0.0,1.0
2022-03-03,10.41,10.455,9.91,10.41,22865170,0.0,1.0
2022-03-04,10.125,10.29,9.915,10.2,24556863,0.0,1.0
2022-03-07,10.0,10.12,9.84,9.88,18322322,0.0,1.0
2022-03-08,9.88,10.115,9.82,9.95,22455455,0.0,1.0
2022-03-09,10.12,10.47,10.09,10.28,19859204,0.0,1.0
2022-03-10,10.06,10.27,9.9,10.12,12209851,0.0,1.0
2022-03-11,10.15,10.34,10.01,10.02,12790085,0.0,1.0
2022-03-14,10.16,10.27,9.66,9.81,12181024,0.0,1.0
2022-03-15,9.8,9.995,9.765,9.96,13785194,0.0,1.0
2022-03-16,10.105,10.495,10.1,10.39,13115886,0.0,1.0
2022-03-17,10.26,10.74,10.152,10.64,10923676,0.0,1.0
2022-03-18,10.51,10.69,10.5,10.66,28465917,0.0,1.0
2022-03-21,10.58,10.9,10.58,10.77,10684357,0.0,1.0
2022-03-22,10.81,10.97,10.755,10.85,16670683,0.0,1.0
2022-03-23,10.74,11.08,10.71,10.88,13595653,0.0,1.0
2022-03-24,10.93,11.005,10.765,10.95,10573720,0.0,1.0
2022-03-25,10.97,11.21,10.9,11.19,15705350,0.0,1.0
2022-03-28,11.15,11.18,10.77,10.9,14836743,0.0,1.0
2022-03-29,10.93,11.22,10.93,11.18,9505774,0.0,1.0
2022-03-30,11.11,11.3,10.96,10.99,9237077,0.0,1.0
2022-03-31,11.0,11.1,10.87,10.88,12868197,0.0,1.0
2022-04-01,10.96,10.96,10.65,10.82,9680073,0.0,1.0
2022-04-04,10.815,11.02,10.76,10.85,11974102,0.0,1.0
2022-04-05,10.78,11.03,10.655,10.67,10404487,0.0,1.0
2022-04-06,10.58,10.705,10.475,10.69,9288648,0.0,1.0
2022-04-07,10.66,10.85,10.52,10.81,13285987,0.0,1.0
2022-04-08,10.8,11.1,10.62,11.04,14248594,0.0,1.0
2022-04-11,11.0,11.02,10.64,10.7,17818741,0.0,1.0
2022-04-12,10.72,10.8,10.625,10.67,7330089,0.0,1.0
2022-04-13,10.71,11.03,10.67,10.99,11022973,0.0,1.0
2022-04-14,10.99,11.115,10.94,10.96,9283478,0.0,1.0
2022-04-18,10.94,10.98,10.64,10.71,8772542,0.0,1.0
2022-04-19,10.72,11.0,10.665,10.92,8583138,0.0,1.0
2022-04-20,10.88,11.02,10.735,10.84,7801084,0.0,1.0
2022-04-21,10.88,10.99,10.62,10.65,8632547,0.0,1.0
2022-04-22,10.68,10.68,10.27,10.28,9837363,0.0,1.0
2022-04-25,10.23,10.445,10.02,10.39,12714980,0.0,1.0
2022-04-26,10.32,10.495,10.25,10.29,14306614,0.0,1.0
2022-04-27,10.32,10.488,10.175,10.36,9515173,0.0,1.0
2022-04-28,10.38,10.54,10.26,10.49,12178641,0.0,1.0
2022-04-29,10.45,10.61,10.27,10.33,13224522,0.0,1.0
2022-05-02,10.35,10.45,10.03,10.21,13070841,0.0,1.0
2022-05-03,10.24,10.455,10.115,10.4,12806818,0.0,1.0
2022-05-04,10.39,10.53,10.07,10.52,16585243,0.0,1.0
2022-05-05,10.45,10.5,9.88,10.05,17092850,0.0,1.0
2022-05-06,10.04,10.05,9.76,9.95,20263081,0.0,1.0
2022-05-09,10.13,10.94,10.13,10.48,25016754,0.0,1.0
2022-05-10,10.38,10.55,10.14,10.46,19772688,0.0,1.0
2022-05-11,10.43,10.74,10.37,10.39,17018581,0.0,1.0
2022-05-12,10.405,10.88,10.38,10.85,21655489,0.0,1.0
2022-05-13,10.83,11.15,10.79,11.08,10972552,0.0,1.0
2022-05-16,11.05,11.24,10.98,11.14,8598201,0.0,1.0
2022-05-17,11.16,11.53,11.16,11.47,9901125,0.0,1.0
2022-05-18,11.45,11.57,11.1915,11.27,10916528,0.0,1.0
2022-05-19,11.13,11.815,11.06,11.69,12090267,0.0,1.0
2022-05-20,11.77,11.92,11.61,11.8,13834144,0.0,1.0
2022-05-23,11.74,11.93,11.5096,11.63,9530549,0.12,1.0
2022-05-24,11.705,11.705,11.26,11.53,10714238,0.0,1.0
2022-05-25,11.5,11.86,11.42,11.84,9479878,0.0,1.0
2022-05-26,11.84,12.08,11.84,12.01,8866050,0.0,1.0
2022-05-27,11.98,12.25,11.97,12.25,12015700,0.0,1.0
2022-05-31,12.19,12.35,11.94,12.27,19551712,0.0,1.0
2022-06-01,12.33,12.375,11.89,12.07,8690429,0.0,1.0
2022-06-02,12.09,12.13,11.77,12.11,7111338,0.0,1.0
2022-06-03,12.05,12.1081,11.68,11.71,8072145,0.0,1.0
2022-06-06,11.76,11.9,11.7,11.77,7119699,0.0,1.0
2022-06-07,11.78,11.9,11.6815,11.89,7785745,0.0,1.0
2022-06-08,11.8,11.9299,11.759,11.86,6919390,0.0,1.0
2022-06-09,11.86,11.88,11.61,11.62,6637206,0.0,1.0
2022-06-10,11.425,11.46,11.14,11.2,8021315,0.0,1.0
2022-06-13,10.952,11.07,10.6637,10.77,13855807,0.0,1.0
2022-06-14,10.73,10.79,10.21,10.32,15409250,0.0,1.0
2022-06-15,10.4,10.855,10.4,10.7,12150049,0.0,1.0
2022-06-16,10.5,10.52,10.205,10.28,9519912,0.0,1.0
2022-06-17,10.3,10.531,10.205,10.46,16942039,0.0,1.0
2022-06-21,10.59,10.73,10.5,10.6,11736261,0.0,1.0
2022-06-22,10.51,10.78,10.44,10.63,7762780,0.0,1.0
2022-06-23,10.64,10.745,10.53,10.73,7488168,0.0,1.0
2022-06-24,10.79,11.03,10.755,10.96,11834003,0.0,1.0
2022-06-27,10.94,11.15,10.89,11.07,8283455,0.0,1.0
2022-06-28,11.08,11.27,10.9,10.9,7025108,0.0,1.0
2022-06-29,10.94,10.95,10.7,10.81,6399681,0.0,1.0
2022-06-30,10.65,10.6554,10.4,10.47,9991600,0.0,1.0
2022-07-01,10.45,10.74,10.28,10.71,6541915,0.0,1.0
2022-07-05,10.5,10.54,10.25,10.5,6803209,0.0,1.0
2022-07-06,10.48,10.54,10.14,10.3,7775115,0.0,1.0
2022-07-07,10.29,10.51,10.29,10.42,5939102,0.0,1.0
2022-07-08,10.45,10.59,10.28,10.35,6106571,0.0,1.0
2022-07-11,10.22,10.235,10.03,10.05,10207280,0.0,1.0
2022-07-12,10.01,10.33,9.96,10.22,9396015,0.0,1.0
2022-07-13,10.14,10.19,9.9,9.98,8601085,0.0,1.0
2022-07-14,9.82,9.88,9.675,9.85,9753706,0.0,1.0
2022-07-15,9.99,10.02,9.6725,9.85,9740599,0.0,1.0
2022-07-18,9.98,10.21,9.81,9.83,11776332,0.0,1.0
2022-07-19,9.9,10.18,9.9,10.07,14005721,0.0,1.0
2022-07-20,10.06,10.23,9.91,9.97,11771884,0.0,1.0
2022-07-21,9.97,9.99,9.79,9.88,8530669,0.0,1.0
2022-07-22,9.96,10.015,9.445,9.55,15392495,0.0,1.0
2022-07-25,9.6,9.84,9.445,9.74,37913775,0.0,1.0
2022-07-26,9.692,9.97,9.68,9.92,13922485,0.0,1.0
2022-07-27,9.93,10.125,9.8,10.07,14351119,0.0,1.0
2022-07-28,10.0,10.07,9.64,9.78,14335691,0.0,1.0
2022-07-29,9.78,9.835,9.6,9.69,12985805,0.0,1.0
2022-08-01,9.68,9.78,9.57,9.66,9739032,0.0,1.0
2022-08-02,9.66,9.8,9.625,9.71,9753200,0.0,1.0
2022-08-03,9.73,9.77,9.66,9.75,8913342,0.0,1.0
2022-08-04,9.732,9.825,9.61,9.62,9883465,0.0,1.0
2022-08-05,9.57,9.76,9.46,9.73,16007647,0.0,1.0
2022-08-08,10.18,10.62,10.02,10.09,42500198,0.0,1.0
2022-08-09,10.0301,10.5,9.87,10.46,14504366,0.0,1.0
2022-08-10,10.52,10.955,10.48,10.77,13906029,0.0,1.0
2022-08-11,10.712,11.105,10.71,10.96,11671790,0.0,1.0
2022-08-12,11.03,11.15,10.96,11.13,9314799,0.0,1.0
2022-08-15,11.0,11.22,10.945,11.11,9650325,0.0,1.0
2022-08-16,11.14,11.155,10.965,11.04,6588864,0.0,1.0
2022-08-17,10.99,10.99,10.54,10.75,19975544,0.0,1.0
2022-08-18,10.75,10.75,10.5,10.59,5060301,0.0,1.0
2022-08-19,10.52,10.64,10.5,10.57,5708303,0.0,1.0
2022-08-22,10.5,10.51,10.31,10.35,5915890,0.0,1.0
2022-08-23,10.21,10.33,10.11,10.15,8615212,0.12,1.0
2022-08-24,10.15,10.23,9.985,10.16,5065486,0.0,1.0
2022-08-25,10.16,10.21,10.06,10.17,6594800,0.0,1.0
2022-08-26,10.22,10.23,9.86,9.88,6601806,0.0,1.0
2022-08-29,9.8,9.895,9.65,9.87,16592467,0.0,1.0
2022-08-30,9.87,9.93,9.6637,9.7,8539404,0.0,1.0
2022-08-31,9.71,9.83,9.53,9.55,18112126,0.0,1.0
2022-09-01,9.54,9.6,9.32,9.57,10137401,0.0,1.0
2022-09-02,9.69,9.69,9.42,9.45,10155802,0.0,1.0
2022-09-06,9.49,9.49,9.32,9.41,10132974,0.0,1.0
2022-09-07,9.35,9.8,9.35,9.72,15230645,0.0,1.0
2022-09-08,9.665,9.745,9.56,9.68,10656885,0.0,1.0
2022-09-09,9.76,9.93,9.72,9.88,6717730,0.0,1.0
2022-09-12,9.94,10.2,9.94,10.11,7800440,0.0,1.0
2022-09-13,9.9,9.92,9.485,9.49,8877986,0.0,1.0
2022-09-14,9.52,9.62,9.35,9.43,8932673,0.0,1.0
2022-09-15,9.42,9.71,9.42,9.55,9464513,0.0,1.0
2022-09-16,9.55,9.55,9.22,9.3,19553781,0.0,1.0
2022-09-19,9.22,9.335,9.175,9.29,8425309,0.0,1.0
2022-09-20,9.2301,9.2301,9.03,9.04,8211114,0.0,1.0
2022-09-21,9.19,9.455,9.03,9.04,11299685,0.0,1.0
2022-09-22,9.01,9.055,8.815,8.94,8932492,0.0,1.0
2022-09-23,8.86,8.87,8.43,8.69,12430240,0.0,1.0
2022-09-26,8.57,8.66,8.48,8.53,15122315,0.0,1.0
2022-09-27,8.6,8.755,8.42,8.48,10597969,0.0,1.0
2022-09-28,8.56,8.75,8.495,8.73,11402659,0.0,1.0
2022-09-29,8.62,8.68,8.445,8.6,8143256,0.0,1.0
2022-09-30,8.62,8.805,8.5,8.52,8197479,0.0,1.0
2022-10-03,8.61,8.785,8.46,8.72,12861189,0.0,1.0
2022-10-04,8.79,9.21,8.79,9.21,8796084,0.0,1.0
2022-10-05,9.02,9.24,8.98,9.18,6141515,0.0,1.0
2022-10-06,9.11,9.15,8.88,8.94,7022795,0.0,1.0
2022-10-07,8.9,8.9,8.67,8.74,8055654,0.0,1.0
2022-10-10,8.82,8.87,8.715,8.75,10426575,0.0,1.0
2022-10-11,8.74,9.6,8.73,9.39,25031915,0.0,1.0
2022-10-12,9.4,9.68,9.255,9.39,10263206,0.0,1.0
2022-10-13,9.31,9.815,9.24,9.65,12586348,0.0,1.0
2022-10-14,9.71,9.72,9.505,9.55,7500764,0.0,1.0
2022-10-17,9.65,9.71,9.52,9.61,6076935,0.0,1.0
2022-10-18,9.7,9.79,9.575,9.61,6872539,0.0,1.0
2022-10-19,9.55,9.56,9.23,9.38,6586848,0.0,1.0
2022-10-20,9.39,9.5,9.3,9.34,4399931,0.0,1.0
2022-10-21,9.28,9.44,9.135,9.38,5951014,0.0,1.0
2022-10-24,9.44,9.57,9.36,9.53,5641906,0.0,1.0
2022-10-25,9.48,9.8,9.47,9.78,12139699,0.0,1.0
2022-10-26,9.84,10.0,9.81,9.97,7389741,0.0,1.0
2022-10-27,9.98,10.065,9.86,9.87,6076142,0.0,1.0
2022-10-28,9.93,10.19,9.9002,10.07,7309568,0.0,1.0
2022-10-31,10.02,10.16,9.98,10.13,9832884,0.0,1.0
2022-11-01,10.19,10.31,10.065,10.25,7648992,0.0,1.0
